square_id,row_index,column_index,participant_name
R1C1,0,0,Alex Carter
R1C2,0,1,Jamie Brooks
R1C3,0,2,Taylor Morgan
R1C4,0,3,Casey Rivera
R1C5,0,4,Jordan Lee
R1C6,0,5,Riley Bennett
R1C7,0,6,Morgan Ellis
R1C8,0,7,Cameron Price
R1C9,0,8,Avery Foster
R1C10,0,9,Quinn Parker
R2C1,1,0,Reese Cooper
R2C2,1,1,Drew Hayes
R2C3,1,2,Peyton Ross
R2C4,1,3,Skyler James
R2C5,1,4,Emerson Clark
R2C6,1,5,Rowan Kelly
R2C7,1,6,Blake Murphy
R2C8,1,7,Finley Ward
R2C9,1,8,Hayden Bell
R2C10,1,9,Dakota Reed
R3C1,2,0,Charlie Adams
R3C2,2,1,Sam Collins
R3C3,2,2,Alex Carter
R3C4,2,3,Jamie Brooks
R3C5,2,4,Taylor Morgan
R3C6,2,5,Casey Rivera
R3C7,2,6,Jordan Lee
R3C8,2,7,Riley Bennett
R3C9,2,8,Morgan Ellis
R3C10,2,9,Cameron Price
R4C1,3,0,Avery Foster
R4C2,3,1,Quinn Parker
R4C3,3,2,Reese Cooper
R4C4,3,3,Drew Hayes
R4C5,3,4,Peyton Ross
R4C6,3,5,Skyler James
R4C7,3,6,Emerson Clark
R4C8,3,7,Rowan Kelly
R4C9,3,8,Blake Murphy
R4C10,3,9,Finley Ward
R5C1,4,0,Hayden Bell
R5C2,4,1,Dakota Reed
R5C3,4,2,Charlie Adams
R5C4,4,3,Sam Collins
R5C5,4,4,Alex Carter
R5C6,4,5,Jamie Brooks
R5C7,4,6,Taylor Morgan
R5C8,4,7,Casey Rivera
R5C9,4,8,Jordan Lee
R5C10,4,9,Riley Bennett
R6C1,5,0,Morgan Ellis
R6C2,5,1,Cameron Price
R6C3,5,2,Avery Foster
R6C4,5,3,Quinn Parker
R6C5,5,4,Reese Cooper
R6C6,5,5,Drew Hayes
R6C7,5,6,Peyton Ross
R6C8,5,7,Skyler James
R6C9,5,8,Emerson Clark
R6C10,5,9,Rowan Kelly
R7C1,6,0,Blake Murphy
R7C2,6,1,Finley Ward
R7C3,6,2,Hayden Bell
R7C4,6,3,Dakota Reed
R7C5,6,4,Charlie Adams
R7C6,6,5,Sam Collins
R7C7,6,6,Alex Carter
R7C8,6,7,Jamie Brooks
R7C9,6,8,Taylor Morgan
R7C10,6,9,Casey Rivera
R8C1,7,0,Jordan Lee
R8C2,7,1,Riley Bennett
R8C3,7,2,Morgan Ellis
R8C4,7,3,Cameron Price
R8C5,7,4,Avery Foster
R8C6,7,5,Quinn Parker
R8C7,7,6,Reese Cooper
R8C8,7,7,Drew Hayes
R8C9,7,8,Peyton Ross
R8C10,7,9,Skyler James
R9C1,8,0,Emerson Clark
R9C2,8,1,Rowan Kelly
R9C3,8,2,Blake Murphy
R9C4,8,3,Finley Ward
R9C5,8,4,Hayden Bell
R9C6,8,5,Dakota Reed
R9C7,8,6,Charlie Adams
R9C8,8,7,Sam Collins
R9C9,8,8,Alex Carter
R9C10,8,9,Jamie Brooks
R10C1,9,0,Taylor Morgan
R10C2,9,1,Casey Rivera
R10C3,9,2,Jordan Lee
R10C4,9,3,Riley Bennett
R10C5,9,4,Morgan Ellis
R10C6,9,5,Cameron Price
R10C7,9,6,Avery Foster
R10C8,9,7,Quinn Parker
R10C9,9,8,Reese Cooper
R10C10,9,9,Drew Hayes
